Workbook

Sheet Summary
A1: Compound verb card game: card list
A2: Draft for vetting. Blue numbers are copy counts you can change; totals update. Yellow 'Your check' cells are for your Ulster review (write OK, or the corrected form, e.g. 'breathnaigh ar').
A4: Card type | B4: Cards | C4: Where they live | D4: Notes
A5: Verbs | B5: =SUM(Verbs!B2:B100) -> 22 | C5: Hands (dealt and drawn) | D5: Copies ≈ half the number of compounds per verb, minimum 1.
A6: Particles | B6: =SUM(Particles!C2:C100) -> 42 | C6: River: 5 face-up piles | D6: Copies = number of compounds using the particle. Never in hands.
A7: Meaning cards | B7: =COUNT('Meaning cards'!A2:A100) -> 36 | C7: Meaning pile, 1 face-up | D7: Three meanings per card, answers printed. Each meaning appears on 3 cards.
A8: Wildcards | B8: 4 | C8: Hands (shuffled into main pile) | D8: Stand in for any particle in a full line. Stay where they are laid.
A9: Total cards | B9: =SUM(B5:B8) -> 104
A11: Setup
A12: Starter verbs on the table | B12: 4 | C12: Drawn from the verb cards
A13: Hand size, 2 players | B13: 12 | C13: 3 of them meaning cards
A14: Hand size, 3 players | B14: 12
A15: Hand size, 4 players | B15: 10
A16: Particle river piles | B16: 5 | C16: 3 is a bit thin; 7 adds nothing
A17: Cost of a verb laid on its own | B17: 2 | C17: Cards drawn. A verb inside a full line is free.
A19: Rules in brief
A20: 1. A play is either one verb on its own (draw 2), or a full line: meaning from your hand + verb (on the table or from your hand) + its particles from the river tops. Wildcards from your hand can stand in for particles.
A21: 2. A full line may run through a particle already on the table (verb on one side, meaning on the other).
A22: 3. Cards are directional: each card points at the card it attaches to, and only has to fit in that direction.
A23: 4. Stall (nobody can play): everyone draws 1 (from the meaning pile if holding fewer than 2 meanings); each river pile moves its top card to the bottom.
A24: 5. You may swap a meaning card for the face-up one.
A25: 6. First to empty their hand wins; otherwise fewest cards when nothing more can be played.

Sheet Compounds
A1: Verb | B1: Particle(s) | C1: Meaning | D1: Parts | E1: My uncertainty | F1: Your check
A2: bain | B2: amach | C2: REACH | D2: =IF(ISNUMBER(SEARCH(" ",B2)),3,2) -> 2
A3: bain | B3: as | C3: GET FROM | D3: =IF(ISNUMBER(SEARCH(" ",B3)),3,2) -> 2
A4: bain | B4: de | C4: TAKE OFF | D4: =IF(ISNUMBER(SEARCH(" ",B4)),3,2) -> 2
A5: bain | B5: le | C5: CONCERN | D5: =IF(ISNUMBER(SEARCH(" ",B5)),3,2) -> 2 | E5: CONCERN / touch — pick one gloss
A6: cuir | B6: amach | C6: THROW UP | D6: =IF(ISNUMBER(SEARCH(" ",B6)),3,2) -> 2 | E6: THROW UP (vomit) — check register for learners
A7: cuir | B7: ar | C7: PUT ON | D7: =IF(ISNUMBER(SEARCH(" ",B7)),3,2) -> 2
A8: cuir | B8: isteach ar | C8: APPLY FOR | D8: =IF(ISNUMBER(SEARCH(" ",B8)),3,2) -> 3
A9: cuir | B9: suas le | C9: PUT UP WITH | D9: =IF(ISNUMBER(SEARCH(" ",B9)),3,2) -> 3
A10: cuir | B10: síos ar | C10: DESCRIBE | D10: =IF(ISNUMBER(SEARCH(" ",B10)),3,2) -> 3
A11: cuir | B11: as do | C11: DISTURB | D11: =IF(ISNUMBER(SEARCH(" ",B11)),3,2) -> 3 | E11: DISTURB / put out — check
A12: tabhair | B12: suas | C12: GIVE UP | D12: =IF(ISNUMBER(SEARCH(" ",B12)),3,2) -> 2
A13: tabhair | B13: faoi | C13: ATTEMPT | D13: =IF(ISNUMBER(SEARCH(" ",B13)),3,2) -> 2
A14: tabhair | B14: amach do | C14: SCOLD | D14: =IF(ISNUMBER(SEARCH(" ",B14)),3,2) -> 3
A15: tabhair | B15: ar | C15: MAKE (SOMEONE) | D15: =IF(ISNUMBER(SEARCH(" ",B15)),3,2) -> 2 | E15: MAKE (SOMEONE) / also 'call' — pick one gloss
A16: déan | B16: amach | C16: FIGURE OUT | D16: =IF(ISNUMBER(SEARCH(" ",B16)),3,2) -> 2
A17: déan | B17: ar | C17: HEAD FOR | D17: =IF(ISNUMBER(SEARCH(" ",B17)),3,2) -> 2
A18: éirigh | B18: le | C18: SUCCEED | D18: =IF(ISNUMBER(SEARCH(" ",B18)),3,2) -> 2
A19: éirigh | B19: as | C19: GIVE UP | D19: =IF(ISNUMBER(SEARCH(" ",B19)),3,2) -> 2
A20: éirigh | B20: amach | C20: REBEL | D20: =IF(ISNUMBER(SEARCH(" ",B20)),3,2) -> 2 | E20: REBEL — check
A21: tit | B21: amach | C21: HAPPEN | D21: =IF(ISNUMBER(SEARCH(" ",B21)),3,2) -> 2
A22: tóg | B22: suas | C22: PICK UP | D22: =IF(ISNUMBER(SEARCH(" ",B22)),3,2) -> 2
A23: tóg | B23: ar | C23: HOLD AGAINST | D23: =IF(ISNUMBER(SEARCH(" ",B23)),3,2) -> 2 | E23: HOLD AGAINST: ná tóg orm é — check
A24: coinnigh | B24: ar | C24: KEEP GOING | D24: =IF(ISNUMBER(SEARCH(" ",B24)),3,2) -> 2
A25: coinnigh | B25: suas | C25: KEEP UP | D25: =IF(ISNUMBER(SEARCH(" ",B25)),3,2) -> 2 | E25: KEEP UP — check sense
A26: fan | B26: le | C26: WAIT FOR | D26: =IF(ISNUMBER(SEARCH(" ",B26)),3,2) -> 2
A27: fan | B27: amach ó | C27: STAY AWAY FROM | D27: =IF(ISNUMBER(SEARCH(" ",B27)),3,2) -> 3 | E27: STAY AWAY FROM — check
A28: lig | B28: amach | C28: LET OUT | D28: =IF(ISNUMBER(SEARCH(" ",B28)),3,2) -> 2
A29: lig | B29: ar | C29: PRETEND | D29: =IF(ISNUMBER(SEARCH(" ",B29)),3,2) -> 2 | E29: PRETEND sense: lig sé air — check gloss wording
A30: lig | B30: do | C30: LEAVE ALONE | D30: =IF(ISNUMBER(SEARCH(" ",B30)),3,2) -> 2
A31: buail | B31: le | C31: MEET | D31: =IF(ISNUMBER(SEARCH(" ",B31)),3,2) -> 2
A32: buail | B32: isteach | C32: DROP IN | D32: =IF(ISNUMBER(SEARCH(" ",B32)),3,2) -> 2
A33: éist | B33: le | C33: LISTEN TO | D33: =IF(ISNUMBER(SEARCH(" ",B33)),3,2) -> 2
A34: amharc | B34: ar | C34: LOOK AT | D34: =IF(ISNUMBER(SEARCH(" ",B34)),3,2) -> 2 | E34: Ulster 'look at'; breathnaigh ar elsewhere
A35: fág | B35: amach | C35: LEAVE OUT | D35: =IF(ISNUMBER(SEARCH(" ",B35)),3,2) -> 2
A36: seas | B36: le | C36: STAND BY | D36: =IF(ISNUMBER(SEARCH(" ",B36)),3,2) -> 2
A37: tar | B37: ar | C37: COME ACROSS | D37: =IF(ISNUMBER(SEARCH(" ",B37)),3,2) -> 2 | E37: COME ACROSS (find) — check

Sheet Verbs
A1: Verb | B1: Copies | C1: Compounds using it | D1: Your check
A2: cuir | B2: 3 | C2: =COUNTIF(Compounds!$A$2:$A$37,A2) -> 6
A3: bain | B3: 2 | C3: =COUNTIF(Compounds!$A$2:$A$37,A3) -> 4
A4: lig | B4: 2 | C4: =COUNTIF(Compounds!$A$2:$A$37,A4) -> 3
A5: tabhair | B5: 2 | C5: =COUNTIF(Compounds!$A$2:$A$37,A5) -> 4
A6: éirigh | B6: 2 | C6: =COUNTIF(Compounds!$A$2:$A$37,A6) -> 3
A7: amharc | B7: 1 | C7: =COUNTIF(Compounds!$A$2:$A$37,A7) -> 1
A8: buail | B8: 1 | C8: =COUNTIF(Compounds!$A$2:$A$37,A8) -> 2
A9: coinnigh | B9: 1 | C9: =COUNTIF(Compounds!$A$2:$A$37,A9) -> 2
A10: déan | B10: 1 | C10: =COUNTIF(Compounds!$A$2:$A$37,A10) -> 2
A11: fan | B11: 1 | C11: =COUNTIF(Compounds!$A$2:$A$37,A11) -> 2
A12: fág | B12: 1 | C12: =COUNTIF(Compounds!$A$2:$A$37,A12) -> 1
A13: seas | B13: 1 | C13: =COUNTIF(Compounds!$A$2:$A$37,A13) -> 1
... A17: éist | B17: 1 | C17: =COUNTIF(Compounds!$A$2:$A$37,A17) -> 1

Sheet Particles
A1: Particle | B1: Type | C1: Copies | D1: Compounds using it | E1: Your check
A2: ar | B2: preposition | C2: 10 | D2: =SUMPRODUCT(--ISNUMBER(SEARCH(" "&A2&" "," "&Compounds!$B$2:$B$37&" "))) -> 10
A3: amach | B3: adverb | C3: 9 | D3: =SUMPRODUCT(--ISNUMBER(SEARCH(" "&A3&" "," "&Compounds!$B$2:$B$37&" "))) -> 9
A4: le | B4: preposition | C4: 7 | D4: =SUMPRODUCT(--ISNUMBER(SEARCH(" "&A4&" "," "&Compounds!$B$2:$B$37&" "))) -> 7
A5: suas | B5: adverb | C5: 4 | D5: =SUMPRODUCT(--ISNUMBER(SEARCH(" "&A5&" "," "&Compounds!$B$2:$B$37&" "))) -> 4
A6: as | B6: preposition | C6: 3 | D6: =SUMPRODUCT(--ISNUMBER(SEARCH(" "&A6&" "," "&Compounds!$B$2:$B$37&" "))) -> 3
A7: do | B7: preposition | C7: 3 | D7: =SUMPRODUCT(--ISNUMBER(SEARCH(" "&A7&" "," "&Compounds!$B$2:$B$37&" "))) -> 3
A8: isteach | B8: adverb | C8: 2 | D8: =SUMPRODUCT(--ISNUMBER(SEARCH(" "&A8&" "," "&Compounds!$B$2:$B$37&" "))) -> 2
A9: de | B9: preposition | C9: 1 | D9: =SUMPRODUCT(--ISNUMBER(SEARCH(" "&A9&" "," "&Compounds!$B$2:$B$37&" "))) -> 1
A10: faoi | B10: preposition | C10: 1 | D10: =SUMPRODUCT(--ISNUMBER(SEARCH(" "&A10&" "," "&Compounds!$B$2:$B$37&" "))) -> 1
A11: síos | B11: adverb | C11: 1 | D11: =SUMPRODUCT(--ISNUMBER(SEARCH(" "&A11&" "," "&Compounds!$B$2:$B$37&" "))) -> 1
A12: ó | B12: preposition | C12: 1 | D12: =SUMPRODUCT(--ISNUMBER(SEARCH(" "&A12&" "," "&Compounds!$B$2:$B$37&" "))) -> 1

Sheet Meaning cards
A1: Card | B1: Meaning 1 | C1: Answer 1 | D1: Meaning 2 | E1: Answer 2 | F1: Meaning 3 | G1: Answer 3
A2: 1 | B2: LISTEN TO | C2: éist le | D2: PUT ON | E2: cuir ar | F2: SUCCEED | G2: éirigh le
A3: 2 | B3: STAND BY | C3: seas le | D3: LOOK AT | E3: amharc ar | F3: REACH | G3: bain amach
A4: 3 | B4: LEAVE OUT | C4: fág amach | D4: KEEP UP | E4: coinnigh suas | F4: REBEL | G4: éirigh amach
A5: 4 | B5: TAKE OFF | C5: bain de | D5: PUT UP WITH | E5: cuir suas le | F5: LET OUT | G5: lig amach
A6: 5 | B6: HAPPEN | C6: tit amach | D6: GIVE UP | E6: tabhair suas / éirigh as | F6: DISTURB | G6: cuir as do
A7: 6 | B7: FIGURE OUT | C7: déan amach | D7: REBEL | E7: éirigh amach | F7: PICK UP | G7: tóg suas
A8: 7 | B8: MEET | C8: buail le | D8: MAKE (SOMEONE) | E8: tabhair ar | F8: PUT ON | G8: cuir ar
A9: 8 | B9: LOOK AT | C9: amharc ar | D9: HEAD FOR | E9: déan ar | F9: KEEP GOING | G9: coinnigh ar
A10: 9 | B10: GIVE UP | C10: tabhair suas / éirigh as | D10: CONCERN | E10: bain le | F10: PUT ON | G10: cuir ar
A11: 10 | B11: TAKE OFF | C11: bain de | D11: DISTURB | E11: cuir as do | F11: LET OUT | G11: lig amach
A12: 11 | B12: STAND BY | C12: seas le | D12: PICK UP | E12: tóg suas | F12: REACH | G12: bain amach
A13: 12 | B13: HOLD AGAINST | C13: tóg ar | D13: TAKE OFF | E13: bain de | F13: THROW UP | G13: cuir amach
... A37: 36 | B37: LISTEN TO | C37: éist le | D37: APPLY FOR | E37: cuir isteach ar | F37: HAPPEN | G37: tit amach
A39: Each meaning appears on exactly 3 cards, and no card repeats a verb. GIVE UP has two answers (tabhair suas / éirigh as), so it appears on 6.
